USE sample;

-- users
INSERT IGNORE INTO users (id, uuid, first_name, last_name) VALUES
(1,  '00000000-0000-0000-0000-000000000001', 'Taro',   'Yamada'),
(2,  '00000000-0000-0000-0000-000000000002', 'Hanako', 'Suzuki'),
(3,  '00000000-0000-0000-0000-000000000003', 'Jiro',   'Tanaka'),
(4,  '00000000-0000-0000-0000-000000000004', 'Yuki',   'Sato'),
(5,  '00000000-0000-0000-0000-000000000005', 'Ken',    'Takahashi'),
(6,  '00000000-0000-0000-0000-000000000006', 'Mika',   'Watanabe'),
(7,  '00000000-0000-0000-0000-000000000007', 'Ryo',    'Ito'),
(8,  '00000000-0000-0000-0000-000000000008', 'Aya',    'Nakamura'),
(9,  '00000000-0000-0000-0000-000000000009', 'Shin',   'Kobayashi'),
(10, '00000000-0000-0000-0000-000000000010', 'Mai',    'Kato'),
(11, '00000000-0000-0000-0000-000000000011', 'Daiki',  'Yoshida'),
(12, '00000000-0000-0000-0000-000000000012', 'Rina',   'Yamamoto'),
(13, '00000000-0000-0000-0000-000000000013', 'Sota',   'Matsumoto'),
(14, '00000000-0000-0000-0000-000000000014', 'Hana',   'Inoue'),
(15, '00000000-0000-0000-0000-000000000015', 'Yuto',   'Kimura');

-- groups
INSERT IGNORE INTO `groups` (id, name, description, updated_by) VALUES
(1, 'Group 001', 'Description for Group 001', 1),
(2, 'Group 002', 'Description for Group 002', 1),
(3, 'Group 003', 'Description for Group 003', 1),
(4, 'Group 004', 'Description for Group 004', 1),
(5, 'Group 005', 'Description for Group 005', 1),
(6, 'Group 006', 'Description for Group 006', 1),
(7, 'Group 007', 'Description for Group 007', 1),
(8, 'Group 008', 'Description for Group 008', 1),
(9, 'Group 009', 'Description for Group 009', 1),
(10, 'Group 010', 'Description for Group 010', 1),
(11, 'Group 011', 'Description for Group 011', 1),
(12, 'Group 012', 'Description for Group 012', 1),
(13, 'Group 013', 'Description for Group 013', 1),
(14, 'Group 014', 'Description for Group 014', 1),
(15, 'Group 015', 'Description for Group 015', 1),
(16, 'Group 016', 'Description for Group 016', 1),
(17, 'Group 017', 'Description for Group 017', 1),
(18, 'Group 018', 'Description for Group 018', 1),
(19, 'Group 019', 'Description for Group 019', 1),
(20, 'Group 020', 'Description for Group 020', 1),
(21, 'Group 021', 'Description for Group 021', 1),
(22, 'Group 022', 'Description for Group 022', 1),
(23, 'Group 023', 'Description for Group 023', 1),
(24, 'Group 024', 'Description for Group 024', 1),
(25, 'Group 025', 'Description for Group 025', 1),
(26, 'Group 026', 'Description for Group 026', 1),
(27, 'Group 027', 'Description for Group 027', 1),
(28, 'Group 028', 'Description for Group 028', 1),
(29, 'Group 029', 'Description for Group 029', 1),
(30, 'Group 030', 'Description for Group 030', 1);

-- group_members
INSERT IGNORE INTO group_members (id, group_id, user_id) VALUES
(1, 1, 1),
(2, 1, 2),
(3, 3, 3),
(4, 3, 4),
(5, 5, 5),
(6, 5, 6),
(7, 7, 7),
(8, 7, 8),
(9, 9, 9),
(10, 9, 10),
(11, 11, 11),
(12, 11, 12),
(13, 13, 13),
(14, 13, 14),
(15, 15, 15),
(16, 15, 1),
(17, 17, 2),
(18, 17, 3),
(19, 19, 4),
(20, 19, 5),
(21, 21, 6),
(22, 21, 7),
(23, 23, 8),
(24, 23, 9),
(25, 25, 10),
(26, 25, 11),
(27, 27, 12),
(28, 27, 13),
(29, 29, 14),
(30, 29, 15),
(31, 2, 1),
(32, 4, 2),
(33, 6, 3),
(34, 8, 4),
(35, 10, 5),
(36, 12, 6),
(37, 14, 7),
(38, 16, 8),
(39, 18, 9),
(40, 20, 10),
(41, 22, 11),
(42, 24, 12),
(43, 26, 13),
(44, 28, 14),
(45, 30, 15);
